animal,secuencia,periodo,respuesta
1,AB,1,85.04
1,AB,2,104.12
2,BA,1,90.16
2,BA,2,89.81
3,AB,1,95.42
3,AB,2,120.16
4,BA,1,121.73
4,BA,2,106.95
5,AB,1,106.11
5,AB,2,110.96
6,BA,1,108.16
6,BA,2,98.23
7,AB,1,109.29
7,AB,2,119.22
8,BA,1,98.65
8,BA,2,107.9
9,AB,1,111.77
9,AB,2,119.78
10,BA,1,116.17
10,BA,2,106.35
11,AB,1,92.11
11,AB,2,102.88
12,BA,1,115.29
12,BA,2,81.4
13,AB,1,99.72
13,AB,2,114.0
14,BA,1,101.64
14,BA,2,85.25
15,AB,1,94.4
15,AB,2,117.83
16,BA,1,114.33
16,BA,2,81.26
17,AB,1,97.55
17,AB,2,90.24
18,BA,1,101.27
18,BA,2,88.0
19,AB,1,101.05
19,AB,2,95.67
20,BA,1,108.62
20,BA,2,91.9
21,AB,1,92.29
21,AB,2,95.16
22,BA,1,86.22
22,BA,2,84.11
23,AB,1,89.31
23,AB,2,102.61
24,BA,1,87.2
24,BA,2,90.03
25,AB,1,110.41
25,AB,2,117.16
26,BA,1,84.75
26,BA,2,111.75
27,AB,1,101.78
27,AB,2,111.08
28,BA,1,119.41
28,BA,2,102.18
29,AB,1,75.2
29,AB,2,103.02
30,BA,1,104.92
30,BA,2,99.69
31,AB,1,99.04
31,AB,2,88.76
32,BA,1,114.91
32,BA,2,88.7
33,AB,1,93.74
33,AB,2,103.49
34,BA,1,98.2
34,BA,2,98.12
35,AB,1,86.08
35,AB,2,99.36
36,BA,1,95.32
36,BA,2,93.04
37,AB,1,103.41
37,AB,2,104.81
38,BA,1,107.75
38,BA,2,106.0
39,AB,1,93.77
39,AB,2,103.97
40,BA,1,88.27
40,BA,2,100.27
