granja,lon,lat,casos
1,-98.69721001190464,19.146854438793447,1
2,-98.60716300323257,19.66396604751452,3
3,-99.46383789476471,19.661592396267633,5
4,-98.72301409867978,19.788116709588234,8
5,-98.64349045936234,19.6660147432362,1
6,-98.76117552972406,19.686287566534816,6
7,-98.73827676485216,19.553599213388267,3
8,-99.48405607519807,19.491338960462137,2
9,-98.5287713268696,19.566758562947147,6
10,-99.07060297218014,19.405621478370175,5
11,-98.8017941303139,19.532187837146797,4
12,-99.14484088432334,19.950661424954077,5
13,-99.11291142728481,19.4445067967727,3
14,-98.92992115868923,19.56771970733637,6
15,-99.40385063108107,19.42640177764583,3
16,-99.41724998979511,19.880776411541422,2
17,-99.1581647818818,19.428329761060734,3
18,-99.1429503743482,19.466970422919157,2
19,-98.92288962874663,19.424813362315028,0
20,-98.97632934475713,19.504916200477002,3
21,-99.11309108619952,19.849420967619935,6
22,-98.88096821074666,19.762308573308715,3
23,-98.73906217812859,19.837725203836296,3
24,-99.35074948305164,19.92849740544979,3
25,-99.39715296872063,19.84984561185291,8
26,-99.46229778003635,19.023592482628366,4
27,-99.47821263566213,19.726944475070237,9
28,-98.54317708306745,19.62219176226309,5
29,-99.16082269408172,19.50626694852122,5
30,-98.92119978107202,19.78980444776433,5
31,-98.56689980993683,19.766500996589052,5
32,-98.73236637619792,19.65971272441231,4
33,-99.22912954935792,19.36107246925752,4
34,-98.9555975321212,19.466534488493217,8
35,-99.23333446352335,19.514670274783093,8
36,-99.38436044236809,19.658401268572657,7
37,-98.72890886600696,19.947577549892554,4
38,-98.81664495208746,19.692833504302538,3
39,-98.64213882490255,19.42493119001121,3
40,-99.14136268748328,19.78618716510596,7
41,-99.06319151448324,19.187692952164568,4
42,-98.762714266881,19.224003422883847,3
43,-98.51075944460571,19.964130318144374,2
44,-98.83923333496098,19.43711527547997,4
45,-99.43824217629985,19.172801755237572,4
46,-98.57752312678079,19.730435742303424,3
47,-99.12877357905985,19.30225143948895,7
48,-98.79131212127358,19.890982380586717,1
49,-98.75486924182768,19.133188694378298,8
50,-99.21042727385091,19.2172353001083,2
