vaca,granja,mes,caso
1,9,1,0
1,9,2,0
1,9,3,0
1,9,4,0
1,9,5,0
1,9,6,0
1,9,7,0
1,9,8,0
1,9,9,0
1,9,10,0
1,9,11,0
1,9,12,0
2,7,1,0
2,7,2,0
2,7,3,0
2,7,4,0
2,7,5,0
2,7,6,0
2,7,7,0
2,7,8,0
2,7,9,1
2,7,10,0
2,7,11,0
2,7,12,0
3,4,1,0
3,4,2,0
3,4,3,0
3,4,4,0
3,4,5,0
3,4,6,0
3,4,7,0
3,4,8,0
3,4,9,0
3,4,10,0
3,4,11,1
3,4,12,0
4,8,1,0
4,8,2,1
4,8,3,0
4,8,4,0
4,8,5,0
4,8,6,1
4,8,7,0
4,8,8,0
4,8,9,0
4,8,10,1
4,8,11,0
4,8,12,0
5,9,1,0
5,9,2,0
5,9,3,0
5,9,4,0
5,9,5,0
5,9,6,0
5,9,7,0
5,9,8,0
5,9,9,0
5,9,10,0
5,9,11,0
5,9,12,0
6,4,1,0
6,4,2,0
6,4,3,0
6,4,4,0
6,4,5,0
6,4,6,0
6,4,7,0
6,4,8,0
6,4,9,1
6,4,10,0
6,4,11,0
6,4,12,0
7,10,1,0
7,10,2,0
7,10,3,0
7,10,4,0
7,10,5,0
7,10,6,1
7,10,7,0
7,10,8,0
7,10,9,0
7,10,10,0
7,10,11,0
7,10,12,0
8,6,1,0
8,6,2,0
8,6,3,0
8,6,4,0
8,6,5,1
8,6,6,0
8,6,7,0
8,6,8,0
8,6,9,0
8,6,10,0
8,6,11,0
8,6,12,0
9,8,1,0
9,8,2,0
9,8,3,0
9,8,4,1
9,8,5,0
9,8,6,0
9,8,7,0
9,8,8,0
9,8,9,0
9,8,10,0
9,8,11,0
9,8,12,0
10,1,1,0
10,1,2,0
10,1,3,0
10,1,4,0
10,1,5,0
10,1,6,0
10,1,7,0
10,1,8,0
10,1,9,0
10,1,10,0
10,1,11,0
10,1,12,0
11,8,1,0
11,8,2,0
11,8,3,0
11,8,4,0
11,8,5,0
11,8,6,0
11,8,7,0
11,8,8,0
11,8,9,0
11,8,10,0
11,8,11,0
11,8,12,0
12,7,1,0
12,7,2,1
12,7,3,0
12,7,4,0
12,7,5,0
12,7,6,1
12,7,7,0
12,7,8,0
12,7,9,1
12,7,10,0
12,7,11,0
12,7,12,0
13,3,1,0
13,3,2,0
13,3,3,0
13,3,4,0
13,3,5,0
13,3,6,0
13,3,7,0
13,3,8,1
13,3,9,0
13,3,10,0
13,3,11,0
13,3,12,0
14,7,1,0
14,7,2,0
14,7,3,0
14,7,4,0
14,7,5,0
14,7,6,0
14,7,7,0
14,7,8,0
14,7,9,0
14,7,10,0
14,7,11,1
14,7,12,0
15,9,1,0
15,9,2,0
15,9,3,0
15,9,4,0
15,9,5,0
15,9,6,0
15,9,7,0
15,9,8,0
15,9,9,0
15,9,10,0
15,9,11,0
15,9,12,0
16,9,1,0
16,9,2,0
16,9,3,0
16,9,4,1
16,9,5,0
16,9,6,0
16,9,7,1
16,9,8,1
16,9,9,0
16,9,10,0
16,9,11,0
16,9,12,0
17,9,1,0
17,9,2,0
17,9,3,0
17,9,4,0
17,9,5,0
17,9,6,0
17,9,7,0
17,9,8,0
17,9,9,0
17,9,10,0
17,9,11,0
17,9,12,1
18,2,1,0
18,2,2,0
18,2,3,0
18,2,4,0
18,2,5,0
18,2,6,0
18,2,7,0
18,2,8,0
18,2,9,1
18,2,10,0
18,2,11,0
18,2,12,0
19,4,1,0
19,4,2,0
19,4,3,0
19,4,4,0
19,4,5,0
19,4,6,0
19,4,7,0
19,4,8,0
19,4,9,0
19,4,10,0
19,4,11,0
19,4,12,0
20,1,1,0
20,1,2,0
20,1,3,0
20,1,4,0
20,1,5,0
20,1,6,0
20,1,7,0
20,1,8,0
20,1,9,0
20,1,10,0
20,1,11,0
20,1,12,0
21,1,1,0
21,1,2,0
21,1,3,1
21,1,4,1
21,1,5,0
21,1,6,0
21,1,7,0
21,1,8,1
21,1,9,0
21,1,10,0
21,1,11,0
21,1,12,0
22,6,1,0
22,6,2,0
22,6,3,0
22,6,4,0
22,6,5,0
22,6,6,1
22,6,7,0
22,6,8,0
22,6,9,0
22,6,10,0
22,6,11,0
22,6,12,0
23,6,1,0
23,6,2,0
23,6,3,0
23,6,4,0
23,6,5,0
23,6,6,0
23,6,7,0
23,6,8,0
23,6,9,0
23,6,10,0
23,6,11,0
23,6,12,0
24,9,1,0
24,9,2,0
24,9,3,0
24,9,4,0
24,9,5,0
24,9,6,1
24,9,7,0
24,9,8,0
24,9,9,0
24,9,10,0
24,9,11,1
24,9,12,0
25,1,1,0
25,1,2,1
25,1,3,0
25,1,4,0
25,1,5,0
25,1,6,0
25,1,7,0
25,1,8,0
25,1,9,0
25,1,10,1
25,1,11,0
25,1,12,0
26,8,1,0
26,8,2,0
26,8,3,0
26,8,4,0
26,8,5,0
26,8,6,0
26,8,7,1
26,8,8,0
26,8,9,0
26,8,10,0
26,8,11,0
26,8,12,0
27,7,1,0
27,7,2,0
27,7,3,0
27,7,4,0
27,7,5,0
27,7,6,0
27,7,7,0
27,7,8,0
27,7,9,0
27,7,10,0
27,7,11,0
27,7,12,0
28,9,1,0
28,9,2,1
28,9,3,0
28,9,4,0
28,9,5,0
28,9,6,0
28,9,7,1
28,9,8,0
28,9,9,0
28,9,10,0
28,9,11,1
28,9,12,0
29,6,1,0
29,6,2,0
29,6,3,0
29,6,4,0
29,6,5,0
29,6,6,0
29,6,7,0
29,6,8,0
29,6,9,0
29,6,10,0
29,6,11,0
29,6,12,0
30,4,1,0
30,4,2,0
30,4,3,0
30,4,4,0
30,4,5,0
30,4,6,0
30,4,7,0
30,4,8,0
30,4,9,0
30,4,10,0
30,4,11,0
30,4,12,0
31,2,1,0
31,2,2,0
31,2,3,0
31,2,4,1
31,2,5,0
31,2,6,0
31,2,7,1
31,2,8,0
31,2,9,0
31,2,10,0
31,2,11,0
31,2,12,0
32,8,1,0
32,8,2,0
32,8,3,0
32,8,4,0
32,8,5,0
32,8,6,0
32,8,7,0
32,8,8,0
32,8,9,0
32,8,10,0
32,8,11,0
32,8,12,0
33,8,1,0
33,8,2,0
33,8,3,1
33,8,4,0
33,8,5,0
33,8,6,0
33,8,7,0
33,8,8,0
33,8,9,0
33,8,10,0
33,8,11,0
33,8,12,0
34,3,1,0
34,3,2,0
34,3,3,0
34,3,4,0
34,3,5,0
34,3,6,0
34,3,7,0
34,3,8,0
34,3,9,0
34,3,10,0
34,3,11,0
34,3,12,1
35,9,1,0
35,9,2,0
35,9,3,0
35,9,4,1
35,9,5,0
35,9,6,0
35,9,7,0
35,9,8,0
35,9,9,0
35,9,10,1
35,9,11,0
35,9,12,0
36,6,1,0
36,6,2,0
36,6,3,0
36,6,4,1
36,6,5,0
36,6,6,0
36,6,7,0
36,6,8,0
36,6,9,0
36,6,10,0
36,6,11,1
36,6,12,0
37,6,1,0
37,6,2,1
37,6,3,0
37,6,4,1
37,6,5,0
37,6,6,1
37,6,7,0
37,6,8,0
37,6,9,0
37,6,10,0
37,6,11,0
37,6,12,0
38,1,1,0
38,1,2,0
38,1,3,1
38,1,4,0
38,1,5,0
38,1,6,0
38,1,7,0
38,1,8,0
38,1,9,0
38,1,10,0
38,1,11,0
38,1,12,0
39,9,1,0
39,9,2,0
39,9,3,0
39,9,4,0
39,9,5,0
39,9,6,0
39,9,7,0
39,9,8,0
39,9,9,0
39,9,10,0
39,9,11,0
39,9,12,0
40,6,1,0
40,6,2,0
40,6,3,0
40,6,4,0
40,6,5,0
40,6,6,0
40,6,7,0
40,6,8,0
40,6,9,0
40,6,10,0
40,6,11,0
40,6,12,0
41,2,1,0
41,2,2,0
41,2,3,0
41,2,4,0
41,2,5,0
41,2,6,0
41,2,7,0
41,2,8,1
41,2,9,0
41,2,10,0
41,2,11,0
41,2,12,0
42,2,1,0
42,2,2,0
42,2,3,0
42,2,4,0
42,2,5,0
42,2,6,0
42,2,7,0
42,2,8,0
42,2,9,0
42,2,10,0
42,2,11,0
42,2,12,0
43,10,1,0
43,10,2,0
43,10,3,0
43,10,4,0
43,10,5,0
43,10,6,0
43,10,7,0
43,10,8,0
43,10,9,0
43,10,10,0
43,10,11,0
43,10,12,0
44,7,1,0
44,7,2,0
44,7,3,0
44,7,4,0
44,7,5,0
44,7,6,0
44,7,7,0
44,7,8,0
44,7,9,0
44,7,10,1
44,7,11,0
44,7,12,0
45,9,1,1
45,9,2,0
45,9,3,0
45,9,4,0
45,9,5,0
45,9,6,0
45,9,7,0
45,9,8,0
45,9,9,0
45,9,10,0
45,9,11,0
45,9,12,0
46,9,1,1
46,9,2,0
46,9,3,0
46,9,4,0
46,9,5,0
46,9,6,0
46,9,7,0
46,9,8,0
46,9,9,1
46,9,10,0
46,9,11,0
46,9,12,0
47,7,1,0
47,7,2,0
47,7,3,0
47,7,4,0
47,7,5,0
47,7,6,0
47,7,7,0
47,7,8,0
47,7,9,0
47,7,10,0
47,7,11,0
47,7,12,0
48,5,1,0
48,5,2,1
48,5,3,0
48,5,4,0
48,5,5,0
48,5,6,0
48,5,7,0
48,5,8,0
48,5,9,0
48,5,10,0
48,5,11,0
48,5,12,0
49,8,1,0
49,8,2,0
49,8,3,0
49,8,4,0
49,8,5,0
49,8,6,0
49,8,7,0
49,8,8,0
49,8,9,0
49,8,10,0
49,8,11,0
49,8,12,0
50,1,1,0
50,1,2,0
50,1,3,0
50,1,4,0
50,1,5,0
50,1,6,0
50,1,7,1
50,1,8,0
50,1,9,0
50,1,10,0
50,1,11,0
50,1,12,0
51,2,1,0
51,2,2,0
51,2,3,1
51,2,4,0
51,2,5,0
51,2,6,0
51,2,7,0
51,2,8,0
51,2,9,0
51,2,10,0
51,2,11,0
51,2,12,0
52,4,1,0
52,4,2,0
52,4,3,0
52,4,4,0
52,4,5,0
52,4,6,0
52,4,7,0
52,4,8,0
52,4,9,0
52,4,10,0
52,4,11,0
52,4,12,0
53,9,1,0
53,9,2,0
53,9,3,0
53,9,4,0
53,9,5,0
53,9,6,0
53,9,7,0
53,9,8,0
53,9,9,0
53,9,10,0
53,9,11,0
53,9,12,0
54,9,1,0
54,9,2,0
54,9,3,0
54,9,4,0
54,9,5,1
54,9,6,0
54,9,7,0
54,9,8,0
54,9,9,0
54,9,10,0
54,9,11,0
54,9,12,0
55,2,1,0
55,2,2,0
55,2,3,0
55,2,4,0
55,2,5,0
55,2,6,0
55,2,7,0
55,2,8,0
55,2,9,0
55,2,10,1
55,2,11,0
55,2,12,0
56,3,1,1
56,3,2,0
56,3,3,0
56,3,4,0
56,3,5,1
56,3,6,0
56,3,7,0
56,3,8,0
56,3,9,0
56,3,10,0
56,3,11,0
56,3,12,0
57,8,1,0
57,8,2,0
57,8,3,0
57,8,4,0
57,8,5,1
57,8,6,0
57,8,7,1
57,8,8,0
57,8,9,0
57,8,10,0
57,8,11,1
57,8,12,0
58,10,1,0
58,10,2,0
58,10,3,0
58,10,4,0
58,10,5,0
58,10,6,0
58,10,7,0
58,10,8,0
58,10,9,0
58,10,10,0
58,10,11,0
58,10,12,0
59,3,1,0
59,3,2,0
59,3,3,0
59,3,4,0
59,3,5,0
59,3,6,1
59,3,7,0
59,3,8,0
59,3,9,1
59,3,10,0
59,3,11,0
59,3,12,1
60,7,1,0
60,7,2,0
60,7,3,0
60,7,4,0
60,7,5,0
60,7,6,0
60,7,7,0
60,7,8,0
60,7,9,0
60,7,10,0
60,7,11,0
60,7,12,0
61,8,1,0
61,8,2,0
61,8,3,0
61,8,4,0
61,8,5,0
61,8,6,0
61,8,7,0
61,8,8,0
61,8,9,0
61,8,10,0
61,8,11,0
61,8,12,0
62,1,1,0
62,1,2,0
62,1,3,0
62,1,4,0
62,1,5,1
62,1,6,0
62,1,7,0
62,1,8,0
62,1,9,0
62,1,10,0
62,1,11,0
62,1,12,0
63,6,1,0
63,6,2,0
63,6,3,0
63,6,4,0
63,6,5,1
63,6,6,0
63,6,7,1
63,6,8,0
63,6,9,0
63,6,10,0
63,6,11,0
63,6,12,0
64,1,1,0
64,1,2,0
64,1,3,0
64,1,4,1
64,1,5,0
64,1,6,0
64,1,7,1
64,1,8,0
64,1,9,0
64,1,10,0
64,1,11,0
64,1,12,1
65,6,1,0
65,6,2,0
65,6,3,0
65,6,4,0
65,6,5,0
65,6,6,1
65,6,7,0
65,6,8,1
65,6,9,0
65,6,10,0
65,6,11,0
65,6,12,0
66,4,1,0
66,4,2,0
66,4,3,0
66,4,4,0
66,4,5,0
66,4,6,1
66,4,7,0
66,4,8,0
66,4,9,0
66,4,10,0
66,4,11,0
66,4,12,0
67,4,1,0
67,4,2,0
67,4,3,0
67,4,4,0
67,4,5,0
67,4,6,0
67,4,7,0
67,4,8,0
67,4,9,0
67,4,10,0
67,4,11,0
67,4,12,0
68,4,1,0
68,4,2,0
68,4,3,1
68,4,4,1
68,4,5,0
68,4,6,0
68,4,7,0
68,4,8,0
68,4,9,0
68,4,10,0
68,4,11,0
68,4,12,0
69,2,1,0
69,2,2,0
69,2,3,0
69,2,4,0
69,2,5,0
69,2,6,0
69,2,7,0
69,2,8,0
69,2,9,0
69,2,10,0
69,2,11,0
69,2,12,0
70,4,1,0
70,4,2,1
70,4,3,0
70,4,4,0
70,4,5,0
70,4,6,0
70,4,7,0
70,4,8,0
70,4,9,0
70,4,10,0
70,4,11,0
70,4,12,0
71,7,1,0
71,7,2,0
71,7,3,0
71,7,4,0
71,7,5,1
71,7,6,0
71,7,7,0
71,7,8,0
71,7,9,1
71,7,10,0
71,7,11,0
71,7,12,0
72,8,1,0
72,8,2,0
72,8,3,0
72,8,4,0
72,8,5,0
72,8,6,0
72,8,7,0
72,8,8,0
72,8,9,0
72,8,10,0
72,8,11,0
72,8,12,0
73,7,1,0
73,7,2,0
73,7,3,0
73,7,4,0
73,7,5,0
73,7,6,0
73,7,7,1
73,7,8,0
73,7,9,0
73,7,10,0
73,7,11,0
73,7,12,0
74,10,1,0
74,10,2,0
74,10,3,1
74,10,4,0
74,10,5,0
74,10,6,1
74,10,7,0
74,10,8,0
74,10,9,0
74,10,10,1
74,10,11,0
74,10,12,0
75,1,1,0
75,1,2,0
75,1,3,1
75,1,4,0
75,1,5,1
75,1,6,0
75,1,7,0
75,1,8,0
75,1,9,1
75,1,10,1
75,1,11,0
75,1,12,0
76,3,1,0
76,3,2,1
76,3,3,0
76,3,4,0
76,3,5,0
76,3,6,0
76,3,7,0
76,3,8,0
76,3,9,0
76,3,10,0
76,3,11,0
76,3,12,0
77,3,1,0
77,3,2,0
77,3,3,0
77,3,4,0
77,3,5,0
77,3,6,0
77,3,7,0
77,3,8,0
77,3,9,0
77,3,10,0
77,3,11,0
77,3,12,0
78,9,1,0
78,9,2,0
78,9,3,0
78,9,4,0
78,9,5,0
78,9,6,0
78,9,7,0
78,9,8,0
78,9,9,0
78,9,10,0
78,9,11,1
78,9,12,0
79,3,1,0
79,3,2,0
79,3,3,0
79,3,4,0
79,3,5,0
79,3,6,0
79,3,7,0
79,3,8,0
79,3,9,0
79,3,10,0
79,3,11,0
79,3,12,1
80,3,1,0
80,3,2,0
80,3,3,0
80,3,4,0
80,3,5,0
80,3,6,0
80,3,7,0
80,3,8,0
80,3,9,0
80,3,10,0
80,3,11,0
80,3,12,0
81,4,1,0
81,4,2,0
81,4,3,0
81,4,4,0
81,4,5,0
81,4,6,0
81,4,7,0
81,4,8,1
81,4,9,0
81,4,10,0
81,4,11,0
81,4,12,0
82,7,1,0
82,7,2,0
82,7,3,0
82,7,4,0
82,7,5,0
82,7,6,0
82,7,7,0
82,7,8,0
82,7,9,0
82,7,10,0
82,7,11,1
82,7,12,0
83,7,1,1
83,7,2,0
83,7,3,1
83,7,4,0
83,7,5,0
83,7,6,0
83,7,7,0
83,7,8,0
83,7,9,0
83,7,10,0
83,7,11,0
83,7,12,1
84,4,1,0
84,4,2,0
84,4,3,0
84,4,4,0
84,4,5,1
84,4,6,0
84,4,7,0
84,4,8,0
84,4,9,0
84,4,10,0
84,4,11,0
84,4,12,0
85,6,1,0
85,6,2,0
85,6,3,1
85,6,4,0
85,6,5,1
85,6,6,0
85,6,7,0
85,6,8,0
85,6,9,0
85,6,10,0
85,6,11,0
85,6,12,0
86,9,1,0
86,9,2,0
86,9,3,1
86,9,4,0
86,9,5,0
86,9,6,0
86,9,7,1
86,9,8,0
86,9,9,0
86,9,10,0
86,9,11,0
86,9,12,0
87,5,1,0
87,5,2,0
87,5,3,0
87,5,4,0
87,5,5,1
87,5,6,0
87,5,7,0
87,5,8,0
87,5,9,0
87,5,10,0
87,5,11,0
87,5,12,0
88,6,1,0
88,6,2,0
88,6,3,0
88,6,4,1
88,6,5,0
88,6,6,1
88,6,7,0
88,6,8,0
88,6,9,0
88,6,10,0
88,6,11,0
88,6,12,0
89,6,1,0
89,6,2,0
89,6,3,1
89,6,4,0
89,6,5,0
89,6,6,0
89,6,7,0
89,6,8,0
89,6,9,0
89,6,10,0
89,6,11,1
89,6,12,0
90,10,1,0
90,10,2,0
90,10,3,0
90,10,4,0
90,10,5,0
90,10,6,0
90,10,7,1
90,10,8,0
90,10,9,0
90,10,10,0
90,10,11,0
90,10,12,0
91,3,1,0
91,3,2,0
91,3,3,0
91,3,4,0
91,3,5,0
91,3,6,0
91,3,7,0
91,3,8,0
91,3,9,0
91,3,10,1
91,3,11,0
91,3,12,1
92,3,1,0
92,3,2,0
92,3,3,0
92,3,4,0
92,3,5,0
92,3,6,0
92,3,7,0
92,3,8,0
92,3,9,0
92,3,10,0
92,3,11,0
92,3,12,0
93,6,1,0
93,6,2,0
93,6,3,0
93,6,4,0
93,6,5,0
93,6,6,0
93,6,7,0
93,6,8,0
93,6,9,0
93,6,10,0
93,6,11,0
93,6,12,0
94,7,1,0
94,7,2,0
94,7,3,0
94,7,4,0
94,7,5,0
94,7,6,1
94,7,7,0
94,7,8,0
94,7,9,0
94,7,10,0
94,7,11,0
94,7,12,0
95,5,1,0
95,5,2,0
95,5,3,0
95,5,4,0
95,5,5,0
95,5,6,0
95,5,7,0
95,5,8,0
95,5,9,0
95,5,10,0
95,5,11,1
95,5,12,0
96,4,1,0
96,4,2,1
96,4,3,0
96,4,4,0
96,4,5,0
96,4,6,1
96,4,7,0
96,4,8,0
96,4,9,0
96,4,10,0
96,4,11,0
96,4,12,1
97,9,1,0
97,9,2,0
97,9,3,0
97,9,4,0
97,9,5,0
97,9,6,0
97,9,7,0
97,9,8,0
97,9,9,0
97,9,10,0
97,9,11,0
97,9,12,0
98,5,1,0
98,5,2,0
98,5,3,1
98,5,4,1
98,5,5,0
98,5,6,0
98,5,7,0
98,5,8,0
98,5,9,0
98,5,10,0
98,5,11,0
98,5,12,0
99,4,1,0
99,4,2,0
99,4,3,1
99,4,4,0
99,4,5,0
99,4,6,0
99,4,7,0
99,4,8,0
99,4,9,0
99,4,10,0
99,4,11,0
99,4,12,0
100,4,1,0
100,4,2,0
100,4,3,0
100,4,4,0
100,4,5,0
100,4,6,0
100,4,7,0
100,4,8,1
100,4,9,0
100,4,10,0
100,4,11,0
100,4,12,0
101,6,1,0
101,6,2,0
101,6,3,0
101,6,4,0
101,6,5,0
101,6,6,0
101,6,7,0
101,6,8,0
101,6,9,0
101,6,10,0
101,6,11,0
101,6,12,0
102,3,1,0
102,3,2,0
102,3,3,1
102,3,4,0
102,3,5,0
102,3,6,0
102,3,7,0
102,3,8,0
102,3,9,0
102,3,10,0
102,3,11,0
102,3,12,0
103,3,1,0
103,3,2,0
103,3,3,0
103,3,4,0
103,3,5,0
103,3,6,0
103,3,7,0
103,3,8,0
103,3,9,0
103,3,10,0
103,3,11,0
103,3,12,0
104,10,1,0
104,10,2,0
104,10,3,1
104,10,4,0
104,10,5,0
104,10,6,0
104,10,7,1
104,10,8,0
104,10,9,0
104,10,10,0
104,10,11,1
104,10,12,0
105,6,1,0
105,6,2,0
105,6,3,0
105,6,4,0
105,6,5,0
105,6,6,0
105,6,7,0
105,6,8,0
105,6,9,0
105,6,10,0
105,6,11,0
105,6,12,0
106,3,1,0
106,3,2,0
106,3,3,0
106,3,4,0
106,3,5,0
106,3,6,0
106,3,7,0
106,3,8,0
106,3,9,0
106,3,10,0
106,3,11,0
106,3,12,0
107,3,1,0
107,3,2,1
107,3,3,0
107,3,4,0
107,3,5,0
107,3,6,0
107,3,7,1
107,3,8,1
107,3,9,0
107,3,10,1
107,3,11,0
107,3,12,0
108,4,1,0
108,4,2,0
108,4,3,0
108,4,4,0
108,4,5,0
108,4,6,0
108,4,7,0
108,4,8,0
108,4,9,0
108,4,10,0
108,4,11,0
108,4,12,1
109,5,1,0
109,5,2,0
109,5,3,0
109,5,4,0
109,5,5,1
109,5,6,0
109,5,7,0
109,5,8,0
109,5,9,0
109,5,10,0
109,5,11,0
109,5,12,0
110,3,1,0
110,3,2,0
110,3,3,0
110,3,4,0
110,3,5,0
110,3,6,0
110,3,7,0
110,3,8,0
110,3,9,0
110,3,10,0
110,3,11,0
110,3,12,1
111,2,1,0
111,2,2,0
111,2,3,1
111,2,4,0
111,2,5,0
111,2,6,1
111,2,7,0
111,2,8,0
111,2,9,0
111,2,10,1
111,2,11,0
111,2,12,0
112,2,1,0
112,2,2,0
112,2,3,0
112,2,4,1
112,2,5,0
112,2,6,0
112,2,7,0
112,2,8,0
112,2,9,0
112,2,10,1
112,2,11,0
112,2,12,0
113,2,1,0
113,2,2,0
113,2,3,0
113,2,4,0
113,2,5,0
113,2,6,0
113,2,7,1
113,2,8,0
113,2,9,1
113,2,10,0
113,2,11,0
113,2,12,0
114,2,1,0
114,2,2,0
114,2,3,0
114,2,4,0
114,2,5,0
114,2,6,0
114,2,7,0
114,2,8,0
114,2,9,0
114,2,10,0
114,2,11,0
114,2,12,0
115,9,1,0
115,9,2,0
115,9,3,0
115,9,4,0
115,9,5,0
115,9,6,0
115,9,7,0
115,9,8,0
115,9,9,0
115,9,10,0
115,9,11,0
115,9,12,0
116,3,1,0
116,3,2,0
116,3,3,0
116,3,4,1
116,3,5,0
116,3,6,0
116,3,7,0
116,3,8,1
116,3,9,0
116,3,10,0
116,3,11,0
116,3,12,0
117,5,1,0
117,5,2,0
117,5,3,1
117,5,4,0
117,5,5,0
117,5,6,0
117,5,7,0
117,5,8,0
117,5,9,0
117,5,10,0
117,5,11,0
117,5,12,0
118,1,1,0
118,1,2,0
118,1,3,0
118,1,4,0
118,1,5,0
118,1,6,1
118,1,7,0
118,1,8,0
118,1,9,0
118,1,10,0
118,1,11,0
118,1,12,0
119,8,1,0
119,8,2,1
119,8,3,0
119,8,4,0
119,8,5,0
119,8,6,0
119,8,7,0
119,8,8,0
119,8,9,0
119,8,10,0
119,8,11,0
119,8,12,1
120,9,1,0
120,9,2,0
120,9,3,0
120,9,4,0
120,9,5,0
120,9,6,1
120,9,7,0
120,9,8,0
120,9,9,0
120,9,10,0
120,9,11,0
120,9,12,0
121,5,1,1
121,5,2,0
121,5,3,0
121,5,4,1
121,5,5,0
121,5,6,0
121,5,7,0
121,5,8,1
121,5,9,0
121,5,10,0
121,5,11,0
121,5,12,0
122,10,1,0
122,10,2,0
122,10,3,0
122,10,4,1
122,10,5,0
122,10,6,0
122,10,7,1
122,10,8,0
122,10,9,0
122,10,10,0
122,10,11,0
122,10,12,0
123,5,1,0
123,5,2,0
123,5,3,0
123,5,4,0
123,5,5,0
123,5,6,0
123,5,7,0
123,5,8,0
123,5,9,0
123,5,10,0
123,5,11,0
123,5,12,0
124,2,1,0
124,2,2,0
124,2,3,0
124,2,4,0
124,2,5,0
124,2,6,0
124,2,7,0
124,2,8,0
124,2,9,0
124,2,10,0
124,2,11,0
124,2,12,0
125,3,1,0
125,3,2,0
125,3,3,0
125,3,4,0
125,3,5,0
125,3,6,0
125,3,7,0
125,3,8,0
125,3,9,0
125,3,10,0
125,3,11,0
125,3,12,0
126,2,1,0
126,2,2,0
126,2,3,0
126,2,4,0
126,2,5,0
126,2,6,0
126,2,7,0
126,2,8,0
126,2,9,0
126,2,10,0
126,2,11,0
126,2,12,0
127,4,1,0
127,4,2,0
127,4,3,0
127,4,4,0
127,4,5,0
127,4,6,0
127,4,7,0
127,4,8,0
127,4,9,0
127,4,10,0
127,4,11,0
127,4,12,0
128,8,1,0
128,8,2,0
128,8,3,0
128,8,4,1
128,8,5,0
128,8,6,0
128,8,7,0
128,8,8,0
128,8,9,0
128,8,10,0
128,8,11,0
128,8,12,0
129,4,1,0
129,4,2,1
129,4,3,0
129,4,4,0
129,4,5,0
129,4,6,0
129,4,7,0
129,4,8,0
129,4,9,0
129,4,10,0
129,4,11,0
129,4,12,0
130,9,1,0
130,9,2,0
130,9,3,0
130,9,4,0
130,9,5,0
130,9,6,0
130,9,7,0
130,9,8,0
130,9,9,0
130,9,10,0
130,9,11,0
130,9,12,0
131,7,1,0
131,7,2,0
131,7,3,0
131,7,4,1
131,7,5,0
131,7,6,1
131,7,7,0
131,7,8,0
131,7,9,0
131,7,10,0
131,7,11,0
131,7,12,0
132,2,1,0
132,2,2,0
132,2,3,0
132,2,4,0
132,2,5,1
132,2,6,0
132,2,7,0
132,2,8,1
132,2,9,0
132,2,10,0
132,2,11,0
132,2,12,0
133,8,1,0
133,8,2,0
133,8,3,0
133,8,4,0
133,8,5,0
133,8,6,1
133,8,7,0
133,8,8,0
133,8,9,0
133,8,10,0
133,8,11,0
133,8,12,0
134,7,1,0
134,7,2,0
134,7,3,0
134,7,4,0
134,7,5,0
134,7,6,0
134,7,7,0
134,7,8,0
134,7,9,0
134,7,10,0
134,7,11,0
134,7,12,0
135,9,1,0
135,9,2,0
135,9,3,0
135,9,4,0
135,9,5,0
135,9,6,0
135,9,7,0
135,9,8,0
135,9,9,0
135,9,10,0
135,9,11,0
135,9,12,0
136,3,1,0
136,3,2,0
136,3,3,0
136,3,4,0
136,3,5,0
136,3,6,0
136,3,7,0
136,3,8,0
136,3,9,0
136,3,10,0
136,3,11,0
136,3,12,0
137,8,1,0
137,8,2,0
137,8,3,0
137,8,4,0
137,8,5,0
137,8,6,0
137,8,7,0
137,8,8,0
137,8,9,0
137,8,10,0
137,8,11,0
137,8,12,0
138,4,1,0
138,4,2,0
138,4,3,0
138,4,4,0
138,4,5,0
138,4,6,0
138,4,7,0
138,4,8,0
138,4,9,0
138,4,10,0
138,4,11,0
138,4,12,0
139,7,1,0
139,7,2,0
139,7,3,1
139,7,4,0
139,7,5,0
139,7,6,0
139,7,7,0
139,7,8,0
139,7,9,1
139,7,10,0
139,7,11,0
139,7,12,0
140,5,1,0
140,5,2,0
140,5,3,0
140,5,4,0
140,5,5,0
140,5,6,0
140,5,7,1
140,5,8,0
140,5,9,0
140,5,10,0
140,5,11,0
140,5,12,0
141,6,1,1
141,6,2,0
141,6,3,0
141,6,4,0
141,6,5,0
141,6,6,0
141,6,7,0
141,6,8,0
141,6,9,0
141,6,10,0
141,6,11,0
141,6,12,0
142,5,1,0
142,5,2,0
142,5,3,0
142,5,4,0
142,5,5,0
142,5,6,0
142,5,7,0
142,5,8,0
142,5,9,0
142,5,10,0
142,5,11,0
142,5,12,0
143,9,1,0
143,9,2,0
143,9,3,0
143,9,4,0
143,9,5,0
143,9,6,0
143,9,7,1
143,9,8,0
143,9,9,0
143,9,10,0
143,9,11,0
143,9,12,0
144,4,1,1
144,4,2,0
144,4,3,0
144,4,4,0
144,4,5,0
144,4,6,0
144,4,7,0
144,4,8,0
144,4,9,0
144,4,10,0
144,4,11,0
144,4,12,1
145,2,1,0
145,2,2,0
145,2,3,0
145,2,4,0
145,2,5,0
145,2,6,0
145,2,7,0
145,2,8,0
145,2,9,0
145,2,10,0
145,2,11,0
145,2,12,0
146,2,1,0
146,2,2,0
146,2,3,0
146,2,4,1
146,2,5,1
146,2,6,0
146,2,7,1
146,2,8,0
146,2,9,0
146,2,10,1
146,2,11,0
146,2,12,0
147,7,1,0
147,7,2,0
147,7,3,0
147,7,4,0
147,7,5,0
147,7,6,0
147,7,7,0
147,7,8,0
147,7,9,0
147,7,10,0
147,7,11,0
147,7,12,0
148,7,1,0
148,7,2,0
148,7,3,0
148,7,4,0
148,7,5,0
148,7,6,0
148,7,7,0
148,7,8,0
148,7,9,0
148,7,10,0
148,7,11,0
148,7,12,0
149,3,1,0
149,3,2,0
149,3,3,0
149,3,4,0
149,3,5,0
149,3,6,0
149,3,7,0
149,3,8,0
149,3,9,0
149,3,10,0
149,3,11,0
149,3,12,0
150,5,1,0
150,5,2,0
150,5,3,0
150,5,4,1
150,5,5,0
150,5,6,1
150,5,7,0
150,5,8,0
150,5,9,1
150,5,10,0
150,5,11,0
150,5,12,0
